,tit0,coop,tit0,tit0,tit1,tit1,disap,tit1,def,tit0,tit1,tit0,disap,def,coop,tit0,disap,disap,tit1,tit0,disap,coop,tit1,coop,tit1,tit1,disap,tit0,disap,tit1,tit1,def,coop,tit1,tit0,coop,disap,disap,def,def,disap,tit0,def,def,tit1,coop,coop,def,coop,disap,tit1,tit0,tit0,def,def,tit1,coop,coop,def,disap,tit1,def,disap,disap,coop,tit0,def,def,disap,tit1,disap,coop,tit0,tit0,def,tit0,tit0,coop,coop,def,def,tit0,def,coop,def,coop,disap,coop,coop,def,tit0,disap,tit1,tit1,tit1,disap,tit0,tit1,disap,coop
tit0,"0, 0","D, C","C, D","D, D","D, C","C, C","C, C","C, C","C, D","D, D","D, C","C, D","D, C","C, D","D, C","C, D","D, C","C, C","C, C","C, D","D, C","C, C","C, C","C, C","C, C","C, C","C, C","C, D","D, C","C, C","C, C","C, D","D, C","C, C","C, D","D, C","C, C","C, C","C, D","D, D","D, C","C, D","D, D","D, D","D, C","C, C","C, C","C, D","D, C","C, C","C, C","C, D","D, D","D, D","D, D","D, C","C, C","C, C","C, D","D, C","C, C","C, D","D, C","C, C","C, C","C, D","D, D","D, D","D, C","C, C","C, C","C, C","C, D","D, D","D, D","D, D","D, D","D, C","C, C","C, D","D, D","D, D","D, D","D, C","C, D","D, C","C, C","C, C","C, C","C, D","D, D","D, C","C, C","C, C","C, C","C, C","C, D","D, C","C, C","C, C"
coop,"C, D","0, 0","C, C","C, D","C, D","C, C","C, C","C, C","C, D","C, D","C, D","C, C","C, C","C, D","C, C","C, C","C, C","C, C","C, C","C, C","C, C","C, C","C, C","C, C","C, C","C, C","C, C","C, C","C, C","C, C","C, C","C, D","C, C","C, C","C, C","C, C","C, C","C, C","C, D","C, D","C, C","C, C","C, D","C, D","C, D","C, C","C, C","C, D","C, C","C, C","C, C","C, C","C, D","C, D","C, D","C, D","C, C","C, C","C, D","C, C","C, C","C, D","C, C","C, C","C, C","C, C","C, D","C, D","C, C","C, C","C, C","C, C","C, C","C, D","C, D","C, D","C, D","C, C","C, C","C, D","C, D","C, D","C, D","C, C","C, D","C, C","C, C","C, C","C, C","C, D","C, D","C, C","C, C","C, C","C, C","C, C","C, C","C, D","C, C","C, C"
tit0,"D, C","C, C","0, 0","C, C","C, C","C, C","C, C","C, C","C, D","D, C","C, C","C, C","C, C","C, D","D, C","C, C","C, C","C, C","C, C","C, C","C, C","C, C","C, C","C, C","C, C","C, C","C, C","C, C","C, C","C, C","C, C","C, D","D, C","C, C","C, C","C, C","C, C","C, C","C, D","D, D","D, C","C, C","C, D","D, D","D, C","C, C","C, C","C, D","D, C","C, C","C, C","C, C","C, C","C, D","D, D","D, C","C, C","C, C","C, D","D, C","C, C","C, D","D, C","C, C","C, C","C, C","C, D","D, D","D, C","C, C","C, C","C, C","C, C","C, C","C, D","D, C","C, C","C, C","C, C","C, D","D, D","D, C","C, D","D, C","C, D","D, C","C, C","C, C","C, C","C, D","D, C","C, C","C, C","C, C","C, C","C, C","C, C","C, C","C, C","C, C"
tit0,"D, D","D, C","C, C","0, 0","C, C","C, C","C, C","C, C","C, D","D, D","D, C","C, C","C, C","C, D","D, C","C, C","C, C","C, C","C, C","C, C","C, C","C, C","C, C","C, C","C, C","C, C","C, C","C, C","C, C","C, C","C, C","C, D","D, C","C, C","C, C","C, C","C, C","C, C","C, D","D, D","D, C","C, C","C, D","D, D","D, D","D, C","C, C","C, D","D, C","C, C","C, C","C, C","C, C","C, D","D, D","D, D","D, C","C, C","C, D","D, C","C, C","C, D","D, C","C, C","C, C","C, C","C, D","D, D","D, C","C, C","C, C","C, C","C, C","C, C","C, D","D, D","D, C","C, C","C, C","C, D","D, D","D, D","D, D","D, C","C, D","D, C","C, C","C, C","C, C","C, D","D, D","D, C","C, C","C, C","C, C","C, C","C, C","C, C","C, C","C, C"
tit1,"C, D","D, C","C, C","C, C","0, 0","C, C","C, C","C, C","C, D","D, D","D, D","D, C","C, C","C, D","D, C","C, C","C, C","C, C","C, C","C, C","C, C","C, C","C, C","C, C","C, C","C, C","C, C","C, C","C, C","C, C","C, C","C, D","D, C","C, C","C, C","C, C","C, C","C, C","C, D","D, D","D, D","D, C","C, D","D, D","D, D","D, C","C, C","C, D","D, C","C, D","D, C","C, C","C, C","C, D","D, D","D, D","D, C","C, C","C, D","D, D","D, C","C, D","D, D","D, D","D, C","C, C","C, D","D, D","D, D","D, C","C, D","D, C","C, C","C, C","C, D","D, D","D, D","D, C","C, C","C, D","D, D","D, D","D, D","D, C","C, D","D, C","C, D","D, C","C, C","C, D","D, D","D, D","D, C","C, C","C, C","C, D","D, C","C, C","C, D","D, C"
tit1,"C, C","C, C","C, C","C, C","C, C","0, 0","C, D","D, C","C, D","D, D","D, D","D, D","D, D","D, D","D, C","C, C","C, D","D, D","D, C","C, C","C, D","D, C","C, C","C, C","C, C","C, C","C, D","D, C","C, D","D, C","C, C","C, D","D, C","C, C","C, C","C, C","C, D","D, D","D, D","D, D","D, D","D, D","D, D","D, D","D, D","D, C","C, C","C, D","D, C","C, D","D, D","D, C","C, C","C, D","D, D","D, D","D, C","C, C","C, D","D, D","D, D","D, D","D, D","D, D","D, C","C, C","C, D","D, D","D, D","D, D","D, D","D, C","C, C","C, C","C, D","D, D","D, D","D, C","C, C","C, D","D, D","D, D","D, D","D, C","C, D","D, C","C, D","D, C","C, C","C, D","D, D","D, D","D, D","D, C","C, C","C, D","D, D","D, C","C, D","D, C"
disap,"C, C","C, C","C, C","C, C","C, C","C, C","0, 0","C, D","C, D","D, D","D, D","D, D","D, D","D, D","D, C","D, C","D, D","D, D","D, D","D, C","D, D","D, C","D, C","D, C","D, C","D, C","D, D","D, D","D, D","D, D","D, C","D, D","D, C","D, C","D, C","D, C","D, D","D, D","D, D","D, D","D, D","D, D","D, D","D, D","D, D","D, C","D, C","D, D","D, C","D, D","D, D","D, D","D, C","D, D","D, D","D, D","D, C","D, C","D, D","D, D","D, D","D, D","D, D","D, D","D, C","D, C","D, D","D, D","D, D","D, D","D, D","D, C","D, C","D, C","D, D","D, D","D, D","D, C","D, C","D, D","D, D","D, D","D, D","D, C","D, D","D, C","D, D","D, C","D, C","D, D","D, D","D, D","D, D","D, D","D, C","D, D","D, D","D, D","D, D","D, C"
tit1,"C, C","C, C","C, C","C, C","C, C","C, C","C, D","0, 0","D, D","D, D","D, D","D, D","D, D","D, D","D, C","C, D","D, D","D, D","D, D","D, D","D, D","D, C","C, D","D, C","C, D","D, D","D, D","D, D","D, D","D, D","D, D","D, D","D, C","C, D","D, D","D, C","C, D","D, D","D, D","D, D","D, D","D, D","D, D","D, D","D, D","D, C","C, C","C, D","D, C","C, D","D, D","D, D","D, D","D, D","D, D","D, D","D, C","C, C","C, D","D, D","D, D","D, D","D, D","D, D","D, C","C, D","D, D","D, D","D, D","D, D","D, D","D, C","C, D","D, D","D, D","D, D","D, D","D, C","C, C","C, D","D, D","D, D","D, D","D, C","C, D","D, C","C, D","D, C","C, C","C, D","D, D","D, D","D, D","D, D","D, D","D, D","D, D","D, D","D, D","D, C"
def,"D, C","D, C","D, C","D, C","D, C","D, C","D, D","D, C","0, 0","D, D","D, D","D, D","D, D","D, D","D, C","D, C","D, D","D, D","D, D","D, D","D, D","D, C","D, C","D, C","D, C","D, D","D, D","D, D","D, D","D, D","D, D","D, D","D, C","D, C","D, D","D, C","D, D","D, D","D, D","D, D","D, D","D, D","D, D","D, D","D, D","D, C","D, C","D, D","D, C","D, D","D, D","D, D","D, D","D, D","D, D","D, D","D, C","D, C","D, D","D, D","D, D","D, D","D, D","D, D","D, C","D, C","D, D","D, D","D, D","D, D","D, D","D, C","D, C","D, D","D, D","D, D","D, D","D, C","D, C","D, D","D, D","D, D","D, D","D, C","D, D","D, C","D, D","D, C","D, C","D, D","D, D","D, D","D, D","D, D","D, D","D, D","D, D","D, D","D, D","D, C"
tit0,"D, D","D, C","C, D","D, D","D, D","D, D","D, D","D, D","D, D","0, 0","D, D","D, D","D, D","D, D","D, C","C, D","D, D","D, D","D, D","D, D","D, D","D, C","C, D","D, C","C, D","D, D","D, D","D, D","D, D","D, D","D, D","D, D","D, C","C, D","D, D","D, C","C, D","D, D","D, D","D, D","D, D","D, D","D, D","D, D","D, D","D, C","C, C","C, D","D, C","C, D","D, D","D, D","D, D","D, D","D, D","D, D","D, C","C, C","C, D","D, D","D, D","D, D","D, D","D, D","D, C","C, D","D, D","D, D","D, D","D, D","D, D","D, C","C, D","D, D","D, D","D, D","D, D","D, C","C, C","C, D","D, D","D, D","D, D","D, C","C, D","D, C","C, D","D, C","C, C","C, D","D, D","D, D","D, D","D, D","D, D","D, D","D, D","D, D","D, D","D, C"
tit1,"C, D","D, C","C, C","C, D","D, D","D, D","D, D","D, D","D, D","D, C","0, 0","C, D","D, D","D, D","D, C","C, C","C, D","D, D","D, D","D, D","D, D","D, C","C, C","C, C","C, C","C, D","D, D","D, D","D, D","D, D","D, D","D, D","D, C","C, C","C, D","D, C","C, D","D, D","D, D","D, D","D, D","D, D","D, D","D, D","D, D","D, C","C, C","C, D","D, C","C, D","D, D","D, D","D, D","D, D","D, D","D, D","D, C","C, C","C, D","D, D","D, D","D, D","D, D","D, D","D, C","C, C","C, D","D, D","D, D","D, D","D, D","D, C","C, C","C, D","D, D","D, D","D, D","D, C","C, C","C, D","D, D","D, D","D, D","D, C","C, D","D, C","C, D","D, C","C, C","C, D","D, D","D, D","D, D","D, D","D, D","D, D","D, D","D, D","D, D","D, C"
tit0,"D, C","C, C","C, C","C, C","C, D","D, D","D, D","D, D","D, D","D, D","D, C","0, 0","C, D","D, D","D, C","C, C","C, D","D, D","D, D","D, D","D, D","D, C","C, C","C, C","C, C","C, C","C, D","D, D","D, D","D, D","D, D","D, D","D, C","C, C","C, C","C, C","C, D","D, D","D, D","D, D","D, D","D, D","D, D","D, D","D, D","D, C","C, C","C, D","D, C","C, D","D, D","D, D","D, D","D, D","D, D","D, D","D, C","C, C","C, D","D, D","D, D","D, D","D, D","D, D","D, C","C, C","C, D","D, D","D, D","D, D","D, D","D, C","C, C","C, C","C, D","D, D","D, D","D, C","C, C","C, D","D, D","D, D","D, D","D, C","C, D","D, C","C, D","D, C","C, C","C, D","D, D","D, D","D, D","D, D","D, D","D, D","D, D","D, D","D, D","D, C"
disap,"D, D","D, C","D, C","D, C","D, C","D, D","D, D","D, D","D, D","D, D","D, D","D, C","0, 0","D, D","D, C","D, C","D, D","D, D","D, D","D, D","D, D","D, C","D, C","D, C","D, C","D, C","D, D","D, D","D, D","D, D","D, D","D, D","D, C","D, C","D, C","D, C","D, D","D, D","D, D","D, D","D, D","D, D","D, D","D, D","D, D","D, C","D, C","D, D","D, C","D, D","D, D","D, D","D, D","D, D","D, D","D, D","D, C","D, C","D, D","D, D","D, D","D, D","D, D","D, D","D, C","D, C","D, D","D, D","D, D","D, D","D, D","D, C","D, C","D, C","D, D","D, D","D, D","D, C","D, C","D, D","D, D","D, D","D, D","D, C","D, D","D, C","D, D","D, C","D, C","D, D","D, D","D, D","D, D","D, D","D, D","D, D","D, D","D, D","D, D","D, C"
def,"D, D","D, C","D, D","D, D","D, D","D, D","D, D","D, D","D, D","D, D","D, D","D, D","D, D","0, 0","D, C","D, D","D, D","D, D","D, D","D, D","D, D","D, C","D, D","D, C","D, D","D, D","D, D","D, D","D, D","D, D","D, D","D, D","D, C","D, D","D, D","D, C","D, D","D, D","D, D","D, D","D, D","D, D","D, D","D, D","D, D","D, C","D, C","D, D","D, C","D, D","D, D","D, D","D, D","D, D","D, D","D, D","D, C","D, C","D, D","D, D","D, D","D, D","D, D","D, D","D, C","D, D","D, D","D, D","D, D","D, D","D, D","D, C","D, D","D, D","D, D","D, D","D, D","D, C","D, C","D, D","D, D","D, D","D, D","D, C","D, D","D, C","D, D","D, C","D, C","D, D","D, D","D, D","D, D","D, D","D, D","D, D","D, D","D, D","D, D","D, C"
coop,"C, D","C, C","C, D","C, D","C, D","C, D","C, D","C, D","C, D","C, D","C, D","C, D","C, D","C, D","0, 0","C, D","C, D","C, D","C, D","C, D","C, D","C, C","C, D","C, C","C, D","C, D","C, D","C, D","C, D","C, D","C, D","C, D","C, C","C, D","C, D","C, C","C, D","C, D","C, D","C, D","C, D","C, D","C, D","C, D","C, D","C, C","C, C","C, D","C, C","C, D","C, D","C, D","C, D","C, D","C, D","C, D","C, C","C, C","C, D","C, D","C, D","C, D","C, D","C, D","C, C","C, D","C, D","C, D","C, D","C, D","C, D","C, C","C, D","C, D","C, D","C, D","C, D","C, C","C, C","C, D","C, D","C, D","C, D","C, C","C, D","C, C","C, D","C, C","C, C","C, D","C, D","C, D","C, D","C, D","C, D","C, D","C, D","C, D","C, D","C, C"
tit0,"D, C","C, C","C, C","C, C","C, C","C, C","C, D","D, C","C, D","D, C","C, C","C, C","C, D","D, D","D, C","0, 0","C, D","D, D","D, C","C, C","C, D","D, C","C, C","C, C","C, C","C, C","C, D","D, C","C, D","D, C","C, C","C, D","D, C","C, C","C, C","C, C","C, D","D, D","D, D","D, D","D, D","D, C","C, D","D, D","D, C","C, C","C, C","C, D","D, C","C, D","D, C","C, C","C, C","C, D","D, D","D, C","C, C","C, C","C, D","D, D","D, C","C, D","D, D","D, D","D, C","C, C","C, D","D, D","D, D","D, C","C, D","D, C","C, C","C, C","C, D","D, C","C, C","C, C","C, C","C, D","D, D","D, C","C, D","D, C","C, D","D, C","C, D","D, C","C, C","C, D","D, C","C, D","D, C","C, C","C, C","C, D","D, C","C, C","C, D","D, C"
disap,"D, D","D, C","D, C","D, C","D, C","D, C","D, D","D, D","D, D","D, D","D, C","D, C","D, D","D, D","D, C","D, C","0, 0","D, D","D, D","D, C","D, D","D, C","D, C","D, C","D, C","D, C","D, D","D, D","D, D","D, D","D, C","D, D","D, C","D, C","D, C","D, C","D, D","D, D","D, D","D, D","D, D","D, D","D, D","D, D","D, D","D, C","D, C","D, D","D, C","D, D","D, D","D, C","D, C","D, D","D, D","D, D","D, C","D, C","D, D","D, D","D, D","D, D","D, D","D, D","D, C","D, C","D, D","D, D","D, D","D, D","D, D","D, C","D, C","D, C","D, D","D, D","D, C","D, C","D, C","D, D","D, D","D, D","D, D","D, C","D, D","D, C","D, D","D, C","D, C","D, D","D, D","D, D","D, D","D, C","D, C","D, D","D, D","D, C","D, D","D, C"
disap,"D, D","D, C","D, D","D, D","D, D","D, D","D, D","D, D","D, D","D, D","D, D","D, D","D, D","D, D","D, C","D, D","D, D","0, 0","D, D","D, D","D, D","D, C","D, D","D, C","D, D","D, D","D, D","D, D","D, D","D, D","D, D","D, D","D, C","D, D","D, D","D, C","D, D","D, D","D, D","D, D","D, D","D, D","D, D","D, D","D, D","D, C","D, C","D, D","D, C","D, D","D, D","D, D","D, D","D, D","D, D","D, D","D, C","D, C","D, D","D, D","D, D","D, D","D, D","D, D","D, C","D, D","D, D","D, D","D, D","D, D","D, D","D, C","D, D","D, D","D, D","D, D","D, D","D, C","D, C","D, D","D, D","D, D","D, D","D, C","D, D","D, C","D, D","D, C","D, C","D, D","D, D","D, D","D, D","D, D","D, D","D, D","D, D","D, D","D, D","D, C"
tit1,"C, D","D, C","C, D","D, D","D, D","D, D","D, D","D, D","D, D","D, D","D, D","D, D","D, D","D, D","D, C","C, D","D, D","D, D","0, 0","D, D","D, D","D, C","C, D","D, C","C, D","D, D","D, D","D, D","D, D","D, D","D, D","D, D","D, C","C, D","D, D","D, C","C, D","D, D","D, D","D, D","D, D","D, D","D, D","D, D","D, D","D, C","C, C","C, D","D, C","C, D","D, D","D, D","D, D","D, D","D, D","D, D","D, C","C, C","C, D","D, D","D, D","D, D","D, D","D, D","D, C","C, D","D, D","D, D","D, D","D, D","D, D","D, C","C, D","D, D","D, D","D, D","D, D","D, C","C, C","C, D","D, D","D, D","D, D","D, C","C, D","D, C","C, D","D, C","C, C","C, D","D, D","D, D","D, D","D, D","D, D","D, D","D, D","D, D","D, D","D, C"
tit0,"D, C","C, C","C, C","C, D","D, D","D, D","D, D","D, D","D, D","D, D","D, D","D, D","D, D","D, D","D, C","C, C","C, D","D, D","D, C","0, 0","C, D","D, C","C, C","C, C","C, C","C, D","D, D","D, D","D, D","D, D","D, D","D, D","D, C","C, C","C, D","D, C","C, D","D, D","D, D","D, D","D, D","D, D","D, D","D, D","D, D","D, C","C, C","C, D","D, C","C, D","D, D","D, D","D, D","D, D","D, D","D, D","D, C","C, C","C, D","D, D","D, D","D, D","D, D","D, D","D, C","C, C","C, D","D, D","D, D","D, D","D, D","D, C","C, C","C, D","D, D","D, D","D, D","D, C","C, C","C, D","D, D","D, D","D, D","D, C","C, D","D, C","C, D","D, C","C, C","C, D","D, D","D, D","D, D","D, D","D, D","D, D","D, D","D, D","D, D","D, C"
disap,"D, D","D, C","D, C","D, C","D, D","D, D","D, D","D, D","D, D","D, D","D, D","D, D","D, D","D, D","D, C","D, C","D, D","D, D","D, D","D, D","0, 0","D, C","D, C","D, C","D, C","D, C","D, D","D, D","D, D","D, D","D, D","D, D","D, C","D, C","D, C","D, C","D, D","D, D","D, D","D, D","D, D","D, D","D, D","D, D","D, D","D, C","D, C","D, D","D, C","D, D","D, D","D, D","D, D","D, D","D, D","D, D","D, C","D, C","D, D","D, D","D, D","D, D","D, D","D, D","D, C","D, C","D, D","D, D","D, D","D, D","D, D","D, C","D, C","D, C","D, D","D, D","D, D","D, C","D, C","D, D","D, D","D, D","D, D","D, C","D, D","D, C","D, D","D, C","D, C","D, D","D, D","D, D","D, D","D, D","D, D","D, D","D, D","D, D","D, D","D, C"
coop,"C, D","C, C","C, D","C, D","C, D","C, D","C, D","C, D","C, D","C, D","C, D","C, D","C, D","C, D","C, C","C, D","C, D","C, D","C, D","C, D","C, D","0, 0","C, D","C, C","C, D","C, D","C, D","C, D","C, D","C, D","C, D","C, D","C, C","C, D","C, D","C, C","C, D","C, D","C, D","C, D","C, D","C, D","C, D","C, D","C, D","C, C","C, C","C, D","C, C","C, D","C, D","C, D","C, D","C, D","C, D","C, D","C, C","C, C","C, D","C, D","C, D","C, D","C, D","C, D","C, C","C, D","C, D","C, D","C, D","C, D","C, D","C, C","C, D","C, D","C, D","C, D","C, D","C, C","C, C","C, D","C, D","C, D","C, D","C, C","C, D","C, C","C, D","C, C","C, C","C, D","C, D","C, D","C, D","C, D","C, D","C, D","C, D","C, D","C, D","C, C"
tit1,"C, C","C, C","C, C","C, C","C, C","C, C","C, D","D, C","C, D","D, C","C, C","C, C","C, D","D, D","D, C","C, C","C, D","D, D","D, C","C, C","C, D","D, C","0, 0","C, C","C, C","C, C","C, D","D, C","C, D","D, C","C, C","C, D","D, C","C, C","C, C","C, C","C, D","D, D","D, D","D, D","D, D","D, C","C, D","D, D","D, C","C, C","C, C","C, D","D, C","C, D","D, C","C, C","C, C","C, D","D, D","D, C","C, C","C, C","C, D","D, D","D, C","C, D","D, D","D, D","D, C","C, C","C, D","D, D","D, D","D, C","C, D","D, C","C, C","C, C","C, D","D, C","C, C","C, C","C, C","C, D","D, D","D, C","C, D","D, C","C, D","D, C","C, D","D, C","C, C","C, D","D, C","C, D","D, C","C, C","C, C","C, D","D, C","C, C","C, D","D, C"
coop,"C, C","C, C","C, C","C, C","C, C","C, C","C, D","C, D","C, D","C, D","C, C","C, C","C, D","C, D","C, C","C, C","C, D","C, D","C, D","C, C","C, D","C, C","C, C","0, 0","C, C","C, C","C, D","C, D","C, D","C, D","C, C","C, D","C, C","C, C","C, C","C, C","C, D","C, D","C, D","C, D","C, D","C, D","C, D","C, D","C, D","C, C","C, C","C, D","C, C","C, D","C, D","C, C","C, C","C, D","C, D","C, D","C, C","C, C","C, D","C, D","C, D","C, D","C, D","C, D","C, C","C, C","C, D","C, D","C, D","C, D","C, D","C, C","C, C","C, C","C, D","C, D","C, C","C, C","C, C","C, D","C, D","C, D","C, D","C, C","C, D","C, C","C, D","C, C","C, C","C, D","C, D","C, D","C, D","C, C","C, C","C, D","C, D","C, C","C, D","C, C"
tit1,"C, C","C, C","C, C","C, C","C, C","C, C","C, D","D, C","C, D","D, C","C, C","C, C","C, D","D, D","D, C","C, C","C, D","D, D","D, C","C, C","C, D","D, C","C, C","C, C","0, 0","C, C","C, D","D, C","C, D","D, C","C, C","C, D","D, C","C, C","C, C","C, C","C, D","D, D","D, D","D, D","D, D","D, C","C, D","D, D","D, C","C, C","C, C","C, D","D, C","C, D","D, C","C, C","C, C","C, D","D, D","D, C","C, C","C, C","C, D","D, D","D, C","C, D","D, D","D, D","D, C","C, C","C, D","D, D","D, D","D, C","C, D","D, C","C, C","C, C","C, D","D, C","C, C","C, C","C, C","C, D","D, D","D, C","C, D","D, C","C, D","D, C","C, D","D, C","C, C","C, D","D, C","C, D","D, C","C, C","C, C","C, D","D, C","C, C","C, D","D, C"
tit1,"C, C","C, C","C, C","C, C","C, C","C, C","C, D","D, D","D, D","D, D","D, C","C, C","C, D","D, D","D, C","C, C","C, D","D, D","D, D","D, C","C, D","D, C","C, C","C, C","C, C","0, 0","C, D","D, D","D, D","D, D","D, C","C, D","D, C","C, C","C, C","C, C","C, D","D, D","D, D","D, D","D, D","D, D","D, D","D, D","D, D","D, C","C, C","C, D","D, C","C, D","D, D","D, C","C, C","C, D","D, D","D, D","D, C","C, C","C, D","D, D","D, D","D, D","D, D","D, D","D, C","C, C","C, D","D, D","D, D","D, D","D, D","D, C","C, C","C, C","C, D","D, D","D, C","C, C","C, C","C, D","D, D","D, D","D, D","D, C","C, D","D, C","C, D","D, C","C, C","C, D","D, D","D, D","D, D","D, C","C, C","C, D","D, D","D, C","C, D","D, C"
disap,"D, C","D, C","D, C","D, C","D, C","D, C","D, D","D, D","D, D","D, D","D, D","D, C","D, D","D, D","D, C","D, C","D, D","D, D","D, D","D, D","D, D","D, C","D, C","D, C","D, C","D, C","0, 0","D, D","D, D","D, D","D, D","D, D","D, C","D, C","D, C","D, C","D, D","D, D","D, D","D, D","D, D","D, D","D, D","D, D","D, D","D, C","D, C","D, D","D, C","D, D","D, D","D, D","D, C","D, D","D, D","D, D","D, C","D, C","D, D","D, D","D, D","D, D","D, D","D, D","D, C","D, C","D, D","D, D","D, D","D, D","D, D","D, C","D, C","D, C","D, D","D, D","D, D","D, C","D, C","D, D","D, D","D, D","D, D","D, C","D, D","D, C","D, D","D, C","D, C","D, D","D, D","D, D","D, D","D, D","D, C","D, D","D, D","D, D","D, D","D, C"
tit0,"D, D","D, C","C, D","D, D","D, D","D, D","D, D","D, D","D, D","D, D","D, D","D, D","D, D","D, D","D, C","C, D","D, D","D, D","D, D","D, D","D, D","D, C","C, D","D, C","C, D","D, D","D, D","0, 0","D, D","D, D","D, D","D, D","D, C","C, D","D, D","D, C","C, D","D, D","D, D","D, D","D, D","D, D","D, D","D, D","D, D","D, C","C, C","C, D","D, C","C, D","D, D","D, D","D, D","D, D","D, D","D, D","D, C","C, C","C, D","D, D","D, D","D, D","D, D","D, D","D, C","C, D","D, D","D, D","D, D","D, D","D, D","D, C","C, D","D, D","D, D","D, D","D, D","D, C","C, C","C, D","D, D","D, D","D, D","D, C","C, D","D, C","C, D","D, C","C, C","C, D","D, D","D, D","D, D","D, D","D, D","D, D","D, D","D, D","D, D","D, C"
disap,"D, D","D, C","D, C","D, D","D, D","D, D","D, D","D, D","D, D","D, D","D, D","D, D","D, D","D, D","D, C","D, C","D, D","D, D","D, D","D, D","D, D","D, C","D, C","D, C","D, C","D, D","D, D","D, D","0, 0","D, D","D, D","D, D","D, C","D, C","D, D","D, C","D, D","D, D","D, D","D, D","D, D","D, D","D, D","D, D","D, D","D, C","D, C","D, D","D, C","D, D","D, D","D, D","D, D","D, D","D, D","D, D","D, C","D, C","D, D","D, D","D, D","D, D","D, D","D, D","D, C","D, C","D, D","D, D","D, D","D, D","D, D","D, C","D, C","D, D","D, D","D, D","D, D","D, C","D, C","D, D","D, D","D, D","D, D","D, C","D, D","D, C","D, D","D, C","D, C","D, D","D, D","D, D","D, D","D, D","D, D","D, D","D, D","D, D","D, D","D, C"
tit1,"C, D","D, C","C, D","D, D","D, D","D, D","D, D","D, D","D, D","D, D","D, D","D, D","D, D","D, D","D, C","C, D","D, D","D, D","D, D","D, D","D, D","D, C","C, D","D, C","C, D","D, D","D, D","D, D","D, D","0, 0","D, D","D, D","D, C","C, D","D, D","D, C","C, D","D, D","D, D","D, D","D, D","D, D","D, D","D, D","D, D","D, C","C, C","C, D","D, C","C, D","D, D","D, D","D, D","D, D","D, D","D, D","D, C","C, C","C, D","D, D","D, D","D, D","D, D","D, D","D, C","C, D","D, D","D, D","D, D","D, D","D, D","D, C","C, D","D, D","D, D","D, D","D, D","D, C","C, C","C, D","D, D","D, D","D, D","D, C","C, D","D, C","C, D","D, C","C, C","C, D","D, D","D, D","D, D","D, D","D, D","D, D","D, D","D, D","D, D","D, C"
tit1,"C, C","C, C","C, C","C, D","D, D","D, D","D, D","D, D","D, D","D, D","D, D","D, D","D, D","D, D","D, C","C, C","C, D","D, D","D, D","D, D","D, D","D, C","C, C","C, C","C, C","C, D","D, D","D, D","D, D","D, C","0, 0","C, D","D, C","C, C","C, D","D, C","C, D","D, D","D, D","D, D","D, D","D, D","D, D","D, D","D, D","D, C","C, C","C, D","D, C","C, D","D, D","D, D","D, D","D, D","D, D","D, D","D, C","C, C","C, D","D, D","D, D","D, D","D, D","D, D","D, C","C, C","C, D","D, D","D, D","D, D","D, D","D, C","C, C","C, D","D, D","D, D","D, D","D, C","C, C","C, D","D, D","D, D","D, D","D, C","C, D","D, C","C, D","D, C","C, C","C, D","D, D","D, D","D, D","D, D","D, D","D, D","D, D","D, D","D, D","D, C"
def,"D, C","D, C","D, C","D, C","D, D","D, D","D, D","D, D","D, D","D, D","D, D","D, D","D, D","D, D","D, C","D, C","D, D","D, D","D, D","D, D","D, D","D, C","D, C","D, C","D, C","D, C","D, D","D, D","D, D","D, D","D, C","0, 0","D, C","D, C","D, C","D, C","D, D","D, D","D, D","D, D","D, D","D, D","D, D","D, D","D, D","D, C","D, C","D, D","D, C","D, D","D, D","D, D","D, D","D, D","D, D","D, D","D, C","D, C","D, D","D, D","D, D","D, D","D, D","D, D","D, C","D, C","D, D","D, D","D, D","D, D","D, D","D, C","D, C","D, C","D, D","D, D","D, D","D, C","D, C","D, D","D, D","D, D","D, D","D, C","D, D","D, C","D, D","D, C","D, C","D, D","D, D","D, D","D, D","D, D","D, D","D, D","D, D","D, D","D, D","D, C"
coop,"C, D","C, C","C, D","C, D","C, D","C, D","C, D","C, D","C, D","C, D","C, D","C, D","C, D","C, D","C, C","C, D","C, D","C, D","C, D","C, D","C, D","C, C","C, D","C, C","C, D","C, D","C, D","C, D","C, D","C, D","C, D","C, D","0, 0","C, D","C, D","C, C","C, D","C, D","C, D","C, D","C, D","C, D","C, D","C, D","C, D","C, C","C, C","C, D","C, C","C, D","C, D","C, D","C, D","C, D","C, D","C, D","C, C","C, C","C, D","C, D","C, D","C, D","C, D","C, D","C, C","C, D","C, D","C, D","C, D","C, D","C, D","C, C","C, D","C, D","C, D","C, D","C, D","C, C","C, C","C, D","C, D","C, D","C, D","C, C","C, D","C, C","C, D","C, C","C, C","C, D","C, D","C, D","C, D","C, D","C, D","C, D","C, D","C, D","C, D","C, C"
tit1,"C, C","C, C","C, C","C, C","C, C","C, C","C, D","D, C","C, D","D, C","C, C","C, C","C, D","D, D","D, C","C, C","C, D","D, D","D, C","C, C","C, D","D, C","C, C","C, C","C, C","C, C","C, D","D, C","C, D","D, C","C, C","C, D","D, C","0, 0","C, C","C, C","C, D","D, D","D, D","D, D","D, D","D, C","C, D","D, D","D, C","C, C","C, C","C, D","D, C","C, D","D, C","C, C","C, C","C, D","D, D","D, C","C, C","C, C","C, D","D, D","D, C","C, D","D, D","D, D","D, C","C, C","C, D","D, D","D, D","D, C","C, D","D, C","C, C","C, C","C, D","D, C","C, C","C, C","C, C","C, D","D, D","D, C","C, D","D, C","C, D","D, C","C, D","D, C","C, C","C, D","D, C","C, D","D, C","C, C","C, C","C, D","D, C","C, C","C, D","D, C"
tit0,"D, C","C, C","C, C","C, C","C, C","C, C","C, D","D, D","D, D","D, D","D, C","C, C","C, D","D, D","D, C","C, C","C, D","D, D","D, D","D, C","C, D","D, C","C, C","C, C","C, C","C, C","C, D","D, D","D, D","D, D","D, C","C, D","D, C","C, C","0, 0","C, C","C, D","D, D","D, D","D, D","D, D","D, D","D, D","D, D","D, D","D, C","C, C","C, D","D, C","C, D","D, D","D, C","C, C","C, D","D, D","D, D","D, C","C, C","C, D","D, D","D, D","D, D","D, D","D, D","D, C","C, C","C, D","D, D","D, D","D, D","D, D","D, C","C, C","C, C","C, D","D, D","D, C","C, C","C, C","C, D","D, D","D, D","D, D","D, C","C, D","D, C","C, D","D, C","C, C","C, D","D, D","D, D","D, D","D, C","C, C","C, D","D, D","D, C","C, D","D, C"
coop,"C, D","C, C","C, C","C, C","C, C","C, C","C, D","C, D","C, D","C, D","C, D","C, C","C, D","C, D","C, C","C, C","C, D","C, D","C, D","C, D","C, D","C, C","C, C","C, C","C, C","C, C","C, D","C, D","C, D","C, D","C, D","C, D","C, C","C, C","C, C","0, 0","C, D","C, D","C, D","C, D","C, D","C, D","C, D","C, D","C, D","C, C","C, C","C, D","C, C","C, D","C, D","C, D","C, C","C, D","C, D","C, D","C, C","C, C","C, D","C, D","C, D","C, D","C, D","C, D","C, C","C, C","C, D","C, D","C, D","C, D","C, D","C, C","C, C","C, C","C, D","C, D","C, D","C, C","C, C","C, D","C, D","C, D","C, D","C, C","C, D","C, C","C, D","C, C","C, C","C, D","C, D","C, D","C, D","C, D","C, C","C, D","C, D","C, D","C, D","C, C"
disap,"D, C","D, C","D, C","D, C","D, C","D, C","D, D","D, C","D, D","D, C","D, C","D, C","D, D","D, D","D, C","D, C","D, D","D, D","D, C","D, C","D, D","D, C","D, C","D, C","D, C","D, C","D, D","D, C","D, D","D, C","D, C","D, D","D, C","D, C","D, C","D, C","0, 0","D, D","D, D","D, D","D, D","D, C","D, D","D, D","D, C","D, C","D, C","D, D","D, C","D, D","D, C","D, C","D, C","D, D","D, D","D, C","D, C","D, C","D, D","D, D","D, C","D, D","D, D","D, D","D, C","D, C","D, D","D, D","D, D","D, C","D, D","D, C","D, C","D, C","D, D","D, C","D, C","D, C","D, C","D, D","D, D","D, C","D, D","D, C","D, D","D, C","D, D","D, C","D, C","D, D","D, C","D, D","D, C","D, C","D, C","D, D","D, C","D, C","D, D","D, C"
disap,"D, D","D, C","D, D","D, D","D, D","D, D","D, D","D, D","D, D","D, D","D, D","D, D","D, D","D, D","D, C","D, D","D, D","D, D","D, D","D, D","D, D","D, C","D, D","D, C","D, D","D, D","D, D","D, D","D, D","D, D","D, D","D, D","D, C","D, D","D, D","D, C","D, D","0, 0","D, D","D, D","D, D","D, D","D, D","D, D","D, D","D, C","D, C","D, D","D, C","D, D","D, D","D, D","D, D","D, D","D, D","D, D","D, C","D, C","D, D","D, D","D, D","D, D","D, D","D, D","D, C","D, D","D, D","D, D","D, D","D, D","D, D","D, C","D, D","D, D","D, D","D, D","D, D","D, C","D, C","D, D","D, D","D, D","D, D","D, C","D, D","D, C","D, D","D, C","D, C","D, D","D, D","D, D","D, D","D, D","D, D","D, D","D, D","D, D","D, D","D, C"
def,"D, D","D, C","D, D","D, D","D, D","D, D","D, D","D, D","D, D","D, D","D, D","D, D","D, D","D, D","D, C","D, D","D, D","D, D","D, D","D, D","D, D","D, C","D, D","D, C","D, D","D, D","D, D","D, D","D, D","D, D","D, D","D, D","D, C","D, D","D, D","D, C","D, D","D, D","0, 0","D, D","D, D","D, D","D, D","D, D","D, D","D, C","D, C","D, D","D, C","D, D","D, D","D, D","D, D","D, D","D, D","D, D","D, C","D, C","D, D","D, D","D, D","D, D","D, D","D, D","D, C","D, D","D, D","D, D","D, D","D, D","D, D","D, C","D, D","D, D","D, D","D, D","D, D","D, C","D, C","D, D","D, D","D, D","D, D","D, C","D, D","D, C","D, D","D, C","D, C","D, D","D, D","D, D","D, D","D, D","D, D","D, D","D, D","D, D","D, D","D, C"
def,"D, D","D, C","D, D","D, D","D, D","D, D","D, D","D, D","D, D","D, D","D, D","D, D","D, D","D, D","D, C","D, D","D, D","D, D","D, D","D, D","D, D","D, C","D, D","D, C","D, D","D, D","D, D","D, D","D, D","D, D","D, D","D, D","D, C","D, D","D, D","D, C","D, D","D, D","D, D","0, 0","D, D","D, D","D, D","D, D","D, D","D, C","D, C","D, D","D, C","D, D","D, D","D, D","D, D","D, D","D, D","D, D","D, C","D, C","D, D","D, D","D, D","D, D","D, D","D, D","D, C","D, D","D, D","D, D","D, D","D, D","D, D","D, C","D, D","D, D","D, D","D, D","D, D","D, C","D, C","D, D","D, D","D, D","D, D","D, C","D, D","D, C","D, D","D, C","D, C","D, D","D, D","D, D","D, D","D, D","D, D","D, D","D, D","D, D","D, D","D, C"
disap,"D, D","D, C","D, D","D, D","D, D","D, D","D, D","D, D","D, D","D, D","D, D","D, D","D, D","D, D","D, C","D, D","D, D","D, D","D, D","D, D","D, D","D, C","D, D","D, C","D, D","D, D","D, D","D, D","D, D","D, D","D, D","D, D","D, C","D, D","D, D","D, C","D, D","D, D","D, D","D, D","0, 0","D, D","D, D","D, D","D, D","D, C","D, C","D, D","D, C","D, D","D, D","D, D","D, D","D, D","D, D","D, D","D, C","D, C","D, D","D, D","D, D","D, D","D, D","D, D","D, C","D, D","D, D","D, D","D, D","D, D","D, D","D, C","D, D","D, D","D, D","D, D","D, D","D, C","D, C","D, D","D, D","D, D","D, D","D, C","D, D","D, C","D, D","D, C","D, C","D, D","D, D","D, D","D, D","D, D","D, D","D, D","D, D","D, D","D, D","D, C"
tit0,"D, D","D, C","C, D","D, D","D, D","D, D","D, D","D, D","D, D","D, D","D, D","D, D","D, D","D, D","D, C","C, D","D, D","D, D","D, D","D, D","D, D","D, C","C, D","D, C","C, D","D, D","D, D","D, D","D, D","D, D","D, D","D, D","D, C","C, D","D, D","D, C","C, D","D, D","D, D","D, D","D, D","0, 0","D, D","D, D","D, D","D, C","C, C","C, D","D, C","C, D","D, D","D, D","D, D","D, D","D, D","D, D","D, C","C, C","C, D","D, D","D, D","D, D","D, D","D, D","D, C","C, D","D, D","D, D","D, D","D, D","D, D","D, C","C, D","D, D","D, D","D, D","D, D","D, C","C, C","C, D","D, D","D, D","D, D","D, C","C, D","D, C","C, D","D, C","C, C","C, D","D, D","D, D","D, D","D, D","D, D","D, D","D, D","D, D","D, D","D, C"
def,"D, D","D, C","D, C","D, D","D, D","D, D","D, D","D, D","D, D","D, D","D, D","D, D","D, D","D, D","D, C","D, C","D, D","D, D","D, D","D, D","D, D","D, C","D, C","D, C","D, C","D, D","D, D","D, D","D, D","D, D","D, D","D, D","D, C","D, C","D, D","D, C","D, D","D, D","D, D","D, D","D, D","D, C","0, 0","D, D","D, D","D, C","D, C","D, D","D, C","D, D","D, D","D, D","D, D","D, D","D, D","D, D","D, C","D, C","D, D","D, D","D, D","D, D","D, D","D, D","D, C","D, C","D, D","D, D","D, D","D, D","D, D","D, C","D, C","D, D","D, D","D, D","D, D","D, C","D, C","D, D","D, D","D, D","D, D","D, C","D, D","D, C","D, D","D, C","D, C","D, D","D, D","D, D","D, D","D, D","D, D","D, D","D, D","D, D","D, D","D, C"
def,"D, D","D, C","D, D","D, D","D, D","D, D","D, D","D, D","D, D","D, D","D, D","D, D","D, D","D, D","D, C","D, D","D, D","D, D","D, D","D, D","D, D","D, C","D, D","D, C","D, D","D, D","D, D","D, D","D, D","D, D","D, D","D, D","D, C","D, D","D, D","D, C","D, D","D, D","D, D","D, D","D, D","D, D","D, D","0, 0","D, D","D, C","D, C","D, D","D, C","D, D","D, D","D, D","D, D","D, D","D, D","D, D","D, C","D, C","D, D","D, D","D, D","D, D","D, D","D, D","D, C","D, D","D, D","D, D","D, D","D, D","D, D","D, C","D, D","D, D","D, D","D, D","D, D","D, C","D, C","D, D","D, D","D, D","D, D","D, C","D, D","D, C","D, D","D, C","D, C","D, D","D, D","D, D","D, D","D, D","D, D","D, D","D, D","D, D","D, D","D, C"
tit1,"C, D","D, C","C, D","D, D","D, D","D, D","D, D","D, D","D, D","D, D","D, D","D, D","D, D","D, D","D, C","C, D","D, D","D, D","D, D","D, D","D, D","D, C","C, D","D, C","C, D","D, D","D, D","D, D","D, D","D, D","D, D","D, D","D, C","C, D","D, D","D, C","C, D","D, D","D, D","D, D","D, D","D, D","D, D","D, D","0, 0","D, C","C, C","C, D","D, C","C, D","D, D","D, D","D, D","D, D","D, D","D, D","D, C","C, C","C, D","D, D","D, D","D, D","D, D","D, D","D, C","C, D","D, D","D, D","D, D","D, D","D, D","D, C","C, D","D, D","D, D","D, D","D, D","D, C","C, C","C, D","D, D","D, D","D, D","D, C","C, D","D, C","C, D","D, C","C, C","C, D","D, D","D, D","D, D","D, D","D, D","D, D","D, D","D, D","D, D","D, C"
coop,"C, C","C, C","C, C","C, D","C, D","C, D","C, D","C, D","C, D","C, D","C, D","C, D","C, D","C, D","C, C","C, C","C, D","C, D","C, D","C, D","C, D","C, C","C, C","C, C","C, C","C, D","C, D","C, D","C, D","C, D","C, D","C, D","C, C","C, C","C, D","C, C","C, D","C, D","C, D","C, D","C, D","C, D","C, D","C, D","C, C","0, 0","C, C","C, D","C, C","C, D","C, D","C, D","C, D","C, D","C, D","C, D","C, C","C, C","C, D","C, D","C, D","C, D","C, D","C, D","C, C","C, C","C, D","C, D","C, D","C, D","C, D","C, C","C, C","C, D","C, D","C, D","C, D","C, C","C, C","C, D","C, D","C, D","C, D","C, C","C, D","C, C","C, D","C, C","C, C","C, D","C, D","C, D","C, D","C, D","C, D","C, D","C, D","C, D","C, D","C, C"
coop,"C, C","C, C","C, C","C, C","C, C","C, C","C, D","C, C","C, D","C, C","C, C","C, C","C, D","C, D","C, C","C, C","C, D","C, D","C, C","C, C","C, D","C, C","C, C","C, C","C, C","C, C","C, D","C, C","C, D","C, C","C, C","C, D","C, C","C, C","C, C","C, C","C, D","C, D","C, D","C, D","C, D","C, C","C, D","C, D","C, C","C, C","0, 0","C, D","C, C","C, D","C, C","C, C","C, C","C, D","C, D","C, C","C, C","C, C","C, D","C, D","C, C","C, D","C, D","C, D","C, C","C, C","C, D","C, D","C, D","C, C","C, D","C, C","C, C","C, C","C, D","C, C","C, C","C, C","C, C","C, D","C, D","C, C","C, D","C, C","C, D","C, C","C, D","C, C","C, C","C, D","C, C","C, D","C, C","C, C","C, C","C, D","C, C","C, C","C, D","C, C"
def,"D, C","D, C","D, C","D, C","D, C","D, C","D, D","D, C","D, D","D, C","D, C","D, C","D, D","D, D","D, C","D, C","D, D","D, D","D, C","D, C","D, D","D, C","D, C","D, C","D, C","D, C","D, D","D, C","D, D","D, C","D, C","D, D","D, C","D, C","D, C","D, C","D, D","D, D","D, D","D, D","D, D","D, C","D, D","D, D","D, C","D, C","D, C","0, 0","D, C","D, D","D, C","D, C","D, C","D, D","D, D","D, C","D, C","D, C","D, D","D, D","D, C","D, D","D, D","D, D","D, C","D, C","D, D","D, D","D, D","D, C","D, D","D, C","D, C","D, C","D, D","D, C","D, C","D, C","D, C","D, D","D, D","D, C","D, D","D, C","D, D","D, C","D, D","D, C","D, C","D, D","D, C","D, D","D, C","D, C","D, C","D, D","D, C","D, C","D, D","D, C"
coop,"C, D","C, C","C, D","C, D","C, D","C, D","C, D","C, D","C, D","C, D","C, D","C, D","C, D","C, D","C, C","C, D","C, D","C, D","C, D","C, D","C, D","C, C","C, D","C, C","C, D","C, D","C, D","C, D","C, D","C, D","C, D","C, D","C, C","C, D","C, D","C, C","C, D","C, D","C, D","C, D","C, D","C, D","C, D","C, D","C, D","C, C","C, C","C, D","0, 0","C, D","C, D","C, D","C, D","C, D","C, D","C, D","C, C","C, C","C, D","C, D","C, D","C, D","C, D","C, D","C, C","C, D","C, D","C, D","C, D","C, D","C, D","C, C","C, D","C, D","C, D","C, D","C, D","C, C","C, C","C, D","C, D","C, D","C, D","C, C","C, D","C, C","C, D","C, C","C, C","C, D","C, D","C, D","C, D","C, D","C, D","C, D","C, D","C, D","C, D","C, C"
disap,"D, C","D, C","D, C","D, C","D, C","D, C","D, D","D, C","D, D","D, C","D, C","D, C","D, D","D, D","D, C","D, C","D, D","D, D","D, C","D, C","D, D","D, C","D, C","D, C","D, C","D, C","D, D","D, C","D, D","D, C","D, C","D, D","D, C","D, C","D, C","D, C","D, D","D, D","D, D","D, D","D, D","D, C","D, D","D, D","D, C","D, C","D, C","D, D","D, C","0, 0","D, C","D, C","D, C","D, D","D, D","D, C","D, C","D, C","D, D","D, D","D, C","D, D","D, D","D, D","D, C","D, C","D, D","D, D","D, D","D, C","D, D","D, C","D, C","D, C","D, D","D, C","D, C","D, C","D, C","D, D","D, D","D, C","D, D","D, C","D, D","D, C","D, D","D, C","D, C","D, D","D, C","D, D","D, C","D, C","D, C","D, D","D, C","D, C","D, D","D, C"
tit1,"C, D","D, C","C, D","D, D","D, D","D, D","D, D","D, D","D, D","D, D","D, D","D, D","D, D","D, D","D, C","C, D","D, D","D, D","D, D","D, D","D, D","D, C","C, D","D, C","C, D","D, D","D, D","D, D","D, D","D, D","D, D","D, D","D, C","C, D","D, D","D, C","C, D","D, D","D, D","D, D","D, D","D, D","D, D","D, D","D, D","D, C","C, C","C, D","D, C","C, D","0, 0","D, D","D, D","D, D","D, D","D, D","D, C","C, C","C, D","D, D","D, D","D, D","D, D","D, D","D, C","C, D","D, D","D, D","D, D","D, D","D, D","D, C","C, D","D, D","D, D","D, D","D, D","D, C","C, C","C, D","D, D","D, D","D, D","D, C","C, D","D, C","C, D","D, C","C, C","C, D","D, D","D, D","D, D","D, D","D, D","D, D","D, D","D, D","D, D","D, C"
tit0,"D, C","C, C","C, C","C, D","D, D","D, D","D, D","D, D","D, D","D, D","D, D","D, D","D, D","D, D","D, C","C, C","C, D","D, D","D, D","D, D","D, D","D, C","C, C","C, C","C, C","C, D","D, D","D, D","D, D","D, D","D, D","D, D","D, C","C, C","C, D","D, C","C, D","D, D","D, D","D, D","D, D","D, D","D, D","D, D","D, D","D, C","C, C","C, D","D, C","C, D","D, C","0, 0","C, D","D, D","D, D","D, D","D, C","C, C","C, D","D, D","D, D","D, D","D, D","D, D","D, C","C, C","C, D","D, D","D, D","D, D","D, D","D, C","C, C","C, D","D, D","D, D","D, D","D, C","C, C","C, D","D, D","D, D","D, D","D, C","C, D","D, C","C, D","D, C","C, C","C, D","D, D","D, D","D, D","D, D","D, D","D, D","D, D","D, D","D, D","D, C"
tit0,"D, D","D, C","C, C","C, C","C, D","D, D","D, D","D, D","D, D","D, D","D, D","D, D","D, D","D, D","D, C","C, C","C, D","D, D","D, D","D, D","D, D","D, C","C, C","C, C","C, C","C, C","C, D","D, D","D, D","D, D","D, D","D, D","D, C","C, C","C, C","C, C","C, D","D, D","D, D","D, D","D, D","D, D","D, D","D, D","D, D","D, C","C, C","C, D","D, C","C, D","D, D","D, C","0, 0","C, D","D, D","D, D","D, C","C, C","C, D","D, D","D, D","D, D","D, D","D, D","D, C","C, C","C, D","D, D","D, D","D, D","D, D","D, C","C, C","C, C","C, D","D, D","D, D","D, C","C, C","C, D","D, D","D, D","D, D","D, C","C, D","D, C","C, D","D, C","C, C","C, D","D, D","D, D","D, D","D, D","D, D","D, D","D, D","D, D","D, D","D, C"
def,"D, D","D, C","D, C","D, C","D, C","D, D","D, D","D, D","D, D","D, D","D, D","D, D","D, D","D, D","D, C","D, C","D, D","D, D","D, D","D, D","D, D","D, C","D, C","D, C","D, C","D, C","D, D","D, D","D, D","D, D","D, D","D, D","D, C","D, C","D, C","D, C","D, D","D, D","D, D","D, D","D, D","D, D","D, D","D, D","D, D","D, C","D, C","D, D","D, C","D, D","D, D","D, D","D, C","0, 0","D, D","D, D","D, C","D, C","D, D","D, D","D, D","D, D","D, D","D, D","D, C","D, C","D, D","D, D","D, D","D, D","D, D","D, C","D, C","D, C","D, D","D, D","D, D","D, C","D, C","D, D","D, D","D, D","D, D","D, C","D, D","D, C","D, D","D, C","D, C","D, D","D, D","D, D","D, D","D, D","D, D","D, D","D, D","D, D","D, D","D, C"
def,"D, D","D, C","D, D","D, D","D, D","D, D","D, D","D, D","D, D","D, D","D, D","D, D","D, D","D, D","D, C","D, D","D, D","D, D","D, D","D, D","D, D","D, C","D, D","D, C","D, D","D, D","D, D","D, D","D, D","D, D","D, D","D, D","D, C","D, D","D, D","D, C","D, D","D, D","D, D","D, D","D, D","D, D","D, D","D, D","D, D","D, C","D, C","D, D","D, C","D, D","D, D","D, D","D, D","D, D","0, 0","D, D","D, C","D, C","D, D","D, D","D, D","D, D","D, D","D, D","D, C","D, D","D, D","D, D","D, D","D, D","D, D","D, C","D, D","D, D","D, D","D, D","D, D","D, C","D, C","D, D","D, D","D, D","D, D","D, C","D, D","D, C","D, D","D, C","D, C","D, D","D, D","D, D","D, D","D, D","D, D","D, D","D, D","D, D","D, D","D, C"
tit1,"C, D","D, C","C, D","D, D","D, D","D, D","D, D","D, D","D, D","D, D","D, D","D, D","D, D","D, D","D, C","C, D","D, D","D, D","D, D","D, D","D, D","D, C","C, D","D, C","C, D","D, D","D, D","D, D","D, D","D, D","D, D","D, D","D, C","C, D","D, D","D, C","C, D","D, D","D, D","D, D","D, D","D, D","D, D","D, D","D, D","D, C","C, C","C, D","D, C","C, D","D, D","D, D","D, D","D, D","D, D","0, 0","D, C","C, C","C, D","D, D","D, D","D, D","D, D","D, D","D, C","C, D","D, D","D, D","D, D","D, D","D, D","D, C","C, D","D, D","D, D","D, D","D, D","D, C","C, C","C, D","D, D","D, D","D, D","D, C","C, D","D, C","C, D","D, C","C, C","C, D","D, D","D, D","D, D","D, D","D, D","D, D","D, D","D, D","D, D","D, C"
coop,"C, C","C, C","C, C","C, D","C, D","C, D","C, D","C, D","C, D","C, D","C, D","C, D","C, D","C, D","C, C","C, C","C, D","C, D","C, D","C, D","C, D","C, C","C, C","C, C","C, C","C, D","C, D","C, D","C, D","C, D","C, D","C, D","C, C","C, C","C, D","C, C","C, D","C, D","C, D","C, D","C, D","C, D","C, D","C, D","C, D","C, C","C, C","C, D","C, C","C, D","C, D","C, D","C, D","C, D","C, D","C, C","0, 0","C, C","C, D","C, D","C, D","C, D","C, D","C, D","C, C","C, C","C, D","C, D","C, D","C, D","C, D","C, C","C, C","C, D","C, D","C, D","C, D","C, C","C, C","C, D","C, D","C, D","C, D","C, C","C, D","C, C","C, D","C, C","C, C","C, D","C, D","C, D","C, D","C, D","C, D","C, D","C, D","C, D","C, D","C, C"
coop,"C, C","C, C","C, C","C, C","C, C","C, C","C, D","C, C","C, D","C, C","C, C","C, C","C, D","C, D","C, C","C, C","C, D","C, D","C, C","C, C","C, D","C, C","C, C","C, C","C, C","C, C","C, D","C, C","C, D","C, C","C, C","C, D","C, C","C, C","C, C","C, C","C, D","C, D","C, D","C, D","C, D","C, C","C, D","C, D","C, C","C, C","C, C","C, D","C, C","C, D","C, C","C, C","C, C","C, D","C, D","C, C","C, C","0, 0","C, D","C, D","C, C","C, D","C, D","C, D","C, C","C, C","C, D","C, D","C, D","C, C","C, D","C, C","C, C","C, C","C, D","C, C","C, C","C, C","C, C","C, D","C, D","C, C","C, D","C, C","C, D","C, C","C, D","C, C","C, C","C, D","C, C","C, D","C, C","C, C","C, C","C, D","C, C","C, C","C, D","C, C"
def,"D, C","D, C","D, C","D, C","D, C","D, C","D, D","D, C","D, D","D, C","D, C","D, C","D, D","D, D","D, C","D, C","D, D","D, D","D, C","D, C","D, D","D, C","D, C","D, C","D, C","D, C","D, D","D, C","D, D","D, C","D, C","D, D","D, C","D, C","D, C","D, C","D, D","D, D","D, D","D, D","D, D","D, C","D, D","D, D","D, C","D, C","D, C","D, D","D, C","D, D","D, C","D, C","D, C","D, D","D, D","D, C","D, C","D, C","0, 0","D, D","D, C","D, D","D, D","D, D","D, C","D, C","D, D","D, D","D, D","D, C","D, D","D, C","D, C","D, C","D, D","D, C","D, C","D, C","D, C","D, D","D, D","D, C","D, D","D, C","D, D","D, C","D, D","D, C","D, C","D, D","D, C","D, D","D, C","D, C","D, C","D, D","D, C","D, C","D, D","D, C"
disap,"D, D","D, C","D, D","D, D","D, D","D, D","D, D","D, D","D, D","D, D","D, D","D, D","D, D","D, D","D, C","D, D","D, D","D, D","D, D","D, D","D, D","D, C","D, D","D, C","D, D","D, D","D, D","D, D","D, D","D, D","D, D","D, D","D, C","D, D","D, D","D, C","D, D","D, D","D, D","D, D","D, D","D, D","D, D","D, D","D, D","D, C","D, C","D, D","D, C","D, D","D, D","D, D","D, D","D, D","D, D","D, D","D, C","D, C","D, D","0, 0","D, D","D, D","D, D","D, D","D, C","D, D","D, D","D, D","D, D","D, D","D, D","D, C","D, D","D, D","D, D","D, D","D, D","D, C","D, C","D, D","D, D","D, D","D, D","D, C","D, D","D, C","D, D","D, C","D, C","D, D","D, D","D, D","D, D","D, D","D, D","D, D","D, D","D, D","D, D","D, C"
tit1,"C, D","D, C","C, D","D, D","D, D","D, D","D, D","D, D","D, D","D, D","D, D","D, D","D, D","D, D","D, C","C, D","D, D","D, D","D, D","D, D","D, D","D, C","C, D","D, C","C, D","D, D","D, D","D, D","D, D","D, D","D, D","D, D","D, C","C, D","D, D","D, C","C, D","D, D","D, D","D, D","D, D","D, D","D, D","D, D","D, D","D, C","C, C","C, D","D, C","C, D","D, D","D, D","D, D","D, D","D, D","D, D","D, C","C, C","C, D","D, D","0, 0","D, D","D, D","D, D","D, C","C, D","D, D","D, D","D, D","D, D","D, D","D, C","C, D","D, D","D, D","D, D","D, D","D, C","C, C","C, D","D, D","D, D","D, D","D, C","C, D","D, C","C, D","D, C","C, C","C, D","D, D","D, D","D, D","D, D","D, D","D, D","D, D","D, D","D, D","D, C"
def,"D, C","D, C","D, C","D, D","D, D","D, D","D, D","D, D","D, D","D, D","D, D","D, D","D, D","D, D","D, C","D, C","D, D","D, D","D, D","D, D","D, D","D, C","D, C","D, C","D, C","D, D","D, D","D, D","D, D","D, D","D, D","D, D","D, C","D, C","D, D","D, C","D, D","D, D","D, D","D, D","D, D","D, D","D, D","D, D","D, D","D, C","D, C","D, D","D, C","D, D","D, D","D, D","D, D","D, D","D, D","D, D","D, C","D, C","D, D","D, D","D, C","0, 0","D, D","D, D","D, C","D, C","D, D","D, D","D, D","D, D","D, D","D, C","D, C","D, D","D, D","D, D","D, D","D, C","D, C","D, D","D, D","D, D","D, D","D, C","D, D","D, C","D, D","D, C","D, C","D, D","D, D","D, D","D, D","D, D","D, D","D, D","D, D","D, D","D, D","D, C"
disap,"D, D","D, C","D, D","D, D","D, D","D, D","D, D","D, D","D, D","D, D","D, D","D, D","D, D","D, D","D, C","D, D","D, D","D, D","D, D","D, D","D, D","D, C","D, D","D, C","D, D","D, D","D, D","D, D","D, D","D, D","D, D","D, D","D, C","D, D","D, D","D, C","D, D","D, D","D, D","D, D","D, D","D, D","D, D","D, D","D, D","D, C","D, C","D, D","D, C","D, D","D, D","D, D","D, D","D, D","D, D","D, D","D, C","D, C","D, D","D, D","D, D","D, D","0, 0","D, D","D, C","D, D","D, D","D, D","D, D","D, D","D, D","D, C","D, D","D, D","D, D","D, D","D, D","D, C","D, C","D, D","D, D","D, D","D, D","D, C","D, D","D, C","D, D","D, C","D, C","D, D","D, D","D, D","D, D","D, D","D, D","D, D","D, D","D, D","D, D","D, C"
disap,"D, D","D, C","D, D","D, D","D, D","D, D","D, D","D, D","D, D","D, D","D, D","D, D","D, D","D, D","D, C","D, D","D, D","D, D","D, D","D, D","D, D","D, C","D, D","D, C","D, D","D, D","D, D","D, D","D, D","D, D","D, D","D, D","D, C","D, D","D, D","D, C","D, D","D, D","D, D","D, D","D, D","D, D","D, D","D, D","D, D","D, C","D, C","D, D","D, C","D, D","D, D","D, D","D, D","D, D","D, D","D, D","D, C","D, C","D, D","D, D","D, D","D, D","D, D","0, 0","D, C","D, D","D, D","D, D","D, D","D, D","D, D","D, C","D, D","D, D","D, D","D, D","D, D","D, C","D, C","D, D","D, D","D, D","D, D","D, C","D, D","D, C","D, D","D, C","D, C","D, D","D, D","D, D","D, D","D, D","D, D","D, D","D, D","D, D","D, D","D, C"
coop,"C, D","C, C","C, D","C, D","C, D","C, D","C, D","C, D","C, D","C, D","C, D","C, D","C, D","C, D","C, C","C, D","C, D","C, D","C, D","C, D","C, D","C, C","C, D","C, C","C, D","C, D","C, D","C, D","C, D","C, D","C, D","C, D","C, C","C, D","C, D","C, C","C, D","C, D","C, D","C, D","C, D","C, D","C, D","C, D","C, D","C, C","C, C","C, D","C, C","C, D","C, D","C, D","C, D","C, D","C, D","C, D","C, C","C, C","C, D","C, D","C, D","C, D","C, D","C, D","0, 0","C, D","C, D","C, D","C, D","C, D","C, D","C, C","C, D","C, D","C, D","C, D","C, D","C, C","C, C","C, D","C, D","C, D","C, D","C, C","C, D","C, C","C, D","C, C","C, C","C, D","C, D","C, D","C, D","C, D","C, D","C, D","C, D","C, D","C, D","C, C"
tit0,"D, C","C, C","C, C","C, C","C, C","C, C","C, D","D, C","C, D","D, C","C, C","C, C","C, D","D, D","D, C","C, C","C, D","D, D","D, C","C, C","C, D","D, C","C, C","C, C","C, C","C, C","C, D","D, C","C, D","D, C","C, C","C, D","D, C","C, C","C, C","C, C","C, D","D, D","D, D","D, D","D, D","D, C","C, D","D, D","D, C","C, C","C, C","C, D","D, C","C, D","D, C","C, C","C, C","C, D","D, D","D, C","C, C","C, C","C, D","D, D","D, C","C, D","D, D","D, D","D, C","0, 0","C, D","D, D","D, D","D, C","C, D","D, C","C, C","C, C","C, D","D, C","C, C","C, C","C, C","C, D","D, D","D, C","C, D","D, C","C, D","D, C","C, D","D, C","C, C","C, D","D, C","C, D","D, C","C, C","C, C","C, D","D, C","C, C","C, D","D, C"
def,"D, D","D, C","D, C","D, C","D, C","D, C","D, D","D, D","D, D","D, D","D, C","D, C","D, D","D, D","D, C","D, C","D, D","D, D","D, D","D, C","D, D","D, C","D, C","D, C","D, C","D, C","D, D","D, D","D, D","D, D","D, C","D, D","D, C","D, C","D, C","D, C","D, D","D, D","D, D","D, D","D, D","D, D","D, D","D, D","D, D","D, C","D, C","D, D","D, C","D, D","D, D","D, C","D, C","D, D","D, D","D, D","D, C","D, C","D, D","D, D","D, D","D, D","D, D","D, D","D, C","D, C","0, 0","D, D","D, D","D, D","D, D","D, C","D, C","D, C","D, D","D, D","D, C","D, C","D, C","D, D","D, D","D, D","D, D","D, C","D, D","D, C","D, D","D, C","D, C","D, D","D, D","D, D","D, D","D, C","D, C","D, D","D, D","D, C","D, D","D, C"
def,"D, D","D, C","D, D","D, D","D, D","D, D","D, D","D, D","D, D","D, D","D, D","D, D","D, D","D, D","D, C","D, D","D, D","D, D","D, D","D, D","D, D","D, C","D, D","D, C","D, D","D, D","D, D","D, D","D, D","D, D","D, D","D, D","D, C","D, D","D, D","D, C","D, D","D, D","D, D","D, D","D, D","D, D","D, D","D, D","D, D","D, C","D, C","D, D","D, C","D, D","D, D","D, D","D, D","D, D","D, D","D, D","D, C","D, C","D, D","D, D","D, D","D, D","D, D","D, D","D, C","D, D","D, D","0, 0","D, D","D, D","D, D","D, C","D, D","D, D","D, D","D, D","D, D","D, C","D, C","D, D","D, D","D, D","D, D","D, C","D, D","D, C","D, D","D, C","D, C","D, D","D, D","D, D","D, D","D, D","D, D","D, D","D, D","D, D","D, D","D, C"
disap,"D, D","D, C","D, D","D, D","D, D","D, D","D, D","D, D","D, D","D, D","D, D","D, D","D, D","D, D","D, C","D, D","D, D","D, D","D, D","D, D","D, D","D, C","D, D","D, C","D, D","D, D","D, D","D, D","D, D","D, D","D, D","D, D","D, C","D, D","D, D","D, C","D, D","D, D","D, D","D, D","D, D","D, D","D, D","D, D","D, D","D, C","D, C","D, D","D, C","D, D","D, D","D, D","D, D","D, D","D, D","D, D","D, C","D, C","D, D","D, D","D, D","D, D","D, D","D, D","D, C","D, D","D, D","D, D","0, 0","D, D","D, D","D, C","D, D","D, D","D, D","D, D","D, D","D, C","D, C","D, D","D, D","D, D","D, D","D, C","D, D","D, C","D, D","D, C","D, C","D, D","D, D","D, D","D, D","D, D","D, D","D, D","D, D","D, D","D, D","D, C"
tit1,"C, D","D, C","C, D","D, D","D, D","D, D","D, D","D, D","D, D","D, D","D, D","D, D","D, D","D, D","D, C","C, D","D, D","D, D","D, D","D, D","D, D","D, C","C, D","D, C","C, D","D, D","D, D","D, D","D, D","D, D","D, D","D, D","D, C","C, D","D, D","D, C","C, D","D, D","D, D","D, D","D, D","D, D","D, D","D, D","D, D","D, C","C, C","C, D","D, C","C, D","D, D","D, D","D, D","D, D","D, D","D, D","D, C","C, C","C, D","D, D","D, D","D, D","D, D","D, D","D, C","C, D","D, D","D, D","D, D","0, 0","D, D","D, C","C, D","D, D","D, D","D, D","D, D","D, C","C, C","C, D","D, D","D, D","D, D","D, C","C, D","D, C","C, D","D, C","C, C","C, D","D, D","D, D","D, D","D, D","D, D","D, D","D, D","D, D","D, D","D, C"
disap,"D, C","D, C","D, C","D, D","D, D","D, D","D, D","D, D","D, D","D, D","D, D","D, D","D, D","D, D","D, C","D, C","D, D","D, D","D, D","D, D","D, D","D, C","D, C","D, C","D, C","D, D","D, D","D, D","D, D","D, D","D, D","D, D","D, C","D, C","D, D","D, C","D, D","D, D","D, D","D, D","D, D","D, D","D, D","D, D","D, D","D, C","D, C","D, D","D, C","D, D","D, D","D, D","D, D","D, D","D, D","D, D","D, C","D, C","D, D","D, D","D, D","D, D","D, D","D, D","D, C","D, C","D, D","D, D","D, D","D, C","0, 0","D, C","D, C","D, D","D, D","D, D","D, D","D, C","D, C","D, D","D, D","D, D","D, D","D, C","D, D","D, C","D, D","D, C","D, C","D, D","D, D","D, D","D, D","D, D","D, D","D, D","D, D","D, D","D, D","D, C"
coop,"C, D","C, C","C, D","C, D","C, D","C, D","C, D","C, D","C, D","C, D","C, D","C, D","C, D","C, D","C, C","C, D","C, D","C, D","C, D","C, D","C, D","C, C","C, D","C, C","C, D","C, D","C, D","C, D","C, D","C, D","C, D","C, D","C, C","C, D","C, D","C, C","C, D","C, D","C, D","C, D","C, D","C, D","C, D","C, D","C, D","C, C","C, C","C, D","C, C","C, D","C, D","C, D","C, D","C, D","C, D","C, D","C, C","C, C","C, D","C, D","C, D","C, D","C, D","C, D","C, C","C, D","C, D","C, D","C, D","C, D","C, D","0, 0","C, D","C, D","C, D","C, D","C, D","C, C","C, C","C, D","C, D","C, D","C, D","C, C","C, D","C, C","C, D","C, C","C, C","C, D","C, D","C, D","C, D","C, D","C, D","C, D","C, D","C, D","C, D","C, C"
tit0,"D, C","C, C","C, C","C, C","C, C","C, C","C, D","D, C","C, D","D, C","C, C","C, C","C, D","D, D","D, C","C, C","C, D","D, D","D, C","C, C","C, D","D, C","C, C","C, C","C, C","C, C","C, D","D, C","C, D","D, C","C, C","C, D","D, C","C, C","C, C","C, C","C, D","D, D","D, D","D, D","D, D","D, C","C, D","D, D","D, C","C, C","C, C","C, D","D, C","C, D","D, C","C, C","C, C","C, D","D, D","D, C","C, C","C, C","C, D","D, D","D, C","C, D","D, D","D, D","D, C","C, C","C, D","D, D","D, D","D, C","C, D","D, C","0, 0","C, C","C, D","D, C","C, C","C, C","C, C","C, D","D, D","D, C","C, D","D, C","C, D","D, C","C, D","D, C","C, C","C, D","D, C","C, D","D, C","C, C","C, C","C, D","D, C","C, C","C, D","D, C"
tit0,"D, D","D, C","C, C","C, C","C, C","C, C","C, D","D, D","D, D","D, D","D, C","C, C","C, D","D, D","D, C","C, C","C, D","D, D","D, D","D, C","C, D","D, C","C, C","C, C","C, C","C, C","C, D","D, D","D, D","D, D","D, C","C, D","D, C","C, C","C, C","C, C","C, D","D, D","D, D","D, D","D, D","D, D","D, D","D, D","D, D","D, C","C, C","C, D","D, C","C, D","D, D","D, C","C, C","C, D","D, D","D, D","D, C","C, C","C, D","D, D","D, D","D, D","D, D","D, D","D, C","C, C","C, D","D, D","D, D","D, D","D, D","D, C","C, C","0, 0","C, D","D, D","D, C","C, C","C, C","C, D","D, D","D, D","D, D","D, C","C, D","D, C","C, D","D, C","C, C","C, D","D, D","D, D","D, D","D, C","C, C","C, D","D, D","D, C","C, D","D, C"
def,"D, D","D, C","D, C","D, C","D, C","D, C","D, D","D, D","D, D","D, D","D, D","D, C","D, D","D, D","D, C","D, C","D, D","D, D","D, D","D, D","D, D","D, C","D, C","D, C","D, C","D, C","D, D","D, D","D, D","D, D","D, D","D, D","D, C","D, C","D, C","D, C","D, D","D, D","D, D","D, D","D, D","D, D","D, D","D, D","D, D","D, C","D, C","D, D","D, C","D, D","D, D","D, D","D, C","D, D","D, D","D, D","D, C","D, C","D, D","D, D","D, D","D, D","D, D","D, D","D, C","D, C","D, D","D, D","D, D","D, D","D, D","D, C","D, C","D, C","0, 0","D, D","D, D","D, C","D, C","D, D","D, D","D, D","D, D","D, C","D, D","D, C","D, D","D, C","D, C","D, D","D, D","D, D","D, D","D, D","D, C","D, D","D, D","D, D","D, D","D, C"
tit0,"D, D","D, C","C, D","D, D","D, D","D, D","D, D","D, D","D, D","D, D","D, D","D, D","D, D","D, D","D, C","C, D","D, D","D, D","D, D","D, D","D, D","D, C","C, D","D, C","C, D","D, D","D, D","D, D","D, D","D, D","D, D","D, D","D, C","C, D","D, D","D, C","C, D","D, D","D, D","D, D","D, D","D, D","D, D","D, D","D, D","D, C","C, C","C, D","D, C","C, D","D, D","D, D","D, D","D, D","D, D","D, D","D, C","C, C","C, D","D, D","D, D","D, D","D, D","D, D","D, C","C, D","D, D","D, D","D, D","D, D","D, D","D, C","C, D","D, D","D, D","0, 0","D, D","D, C","C, C","C, D","D, D","D, D","D, D","D, C","C, D","D, C","C, D","D, C","C, C","C, D","D, D","D, D","D, D","D, D","D, D","D, D","D, D","D, D","D, D","D, C"
tit0,"D, D","D, C","C, C","C, D","D, D","D, D","D, D","D, D","D, D","D, D","D, D","D, D","D, D","D, D","D, C","C, C","C, D","D, D","D, D","D, D","D, D","D, C","C, C","C, C","C, C","C, D","D, D","D, D","D, D","D, D","D, D","D, D","D, C","C, C","C, D","D, C","C, D","D, D","D, D","D, D","D, D","D, D","D, D","D, D","D, D","D, C","C, C","C, D","D, C","C, D","D, D","D, D","D, D","D, D","D, D","D, D","D, C","C, C","C, D","D, D","D, D","D, D","D, D","D, D","D, C","C, C","C, D","D, D","D, D","D, D","D, D","D, C","C, C","C, D","D, D","D, C","0, 0","C, C","C, C","C, D","D, D","D, D","D, D","D, C","C, D","D, C","C, D","D, C","C, C","C, D","D, D","D, D","D, D","D, D","D, D","D, D","D, D","D, D","D, D","D, C"
coop,"C, D","C, C","C, C","C, C","C, D","C, D","C, D","C, D","C, D","C, D","C, D","C, D","C, D","C, D","C, C","C, C","C, D","C, D","C, D","C, D","C, D","C, C","C, C","C, C","C, C","C, C","C, D","C, D","C, D","C, D","C, D","C, D","C, C","C, C","C, C","C, C","C, D","C, D","C, D","C, D","C, D","C, D","C, D","C, D","C, D","C, C","C, C","C, D","C, C","C, D","C, D","C, D","C, D","C, D","C, D","C, D","C, C","C, C","C, D","C, D","C, D","C, D","C, D","C, D","C, C","C, C","C, D","C, D","C, D","C, D","C, D","C, C","C, C","C, C","C, D","C, D","C, D","0, 0","C, C","C, D","C, D","C, D","C, D","C, C","C, D","C, C","C, D","C, C","C, C","C, D","C, D","C, D","C, D","C, D","C, D","C, D","C, D","C, D","C, D","C, C"
coop,"C, C","C, C","C, C","C, C","C, C","C, C","C, D","C, C","C, D","C, C","C, C","C, C","C, D","C, D","C, C","C, C","C, D","C, D","C, C","C, C","C, D","C, C","C, C","C, C","C, C","C, C","C, D","C, C","C, D","C, C","C, C","C, D","C, C","C, C","C, C","C, C","C, D","C, D","C, D","C, D","C, D","C, C","C, D","C, D","C, C","C, C","C, C","C, D","C, C","C, D","C, C","C, C","C, C","C, D","C, D","C, C","C, C","C, C","C, D","C, D","C, C","C, D","C, D","C, D","C, C","C, C","C, D","C, D","C, D","C, C","C, D","C, C","C, C","C, C","C, D","C, C","C, C","C, C","0, 0","C, D","C, D","C, C","C, D","C, C","C, D","C, C","C, D","C, C","C, C","C, D","C, C","C, D","C, C","C, C","C, C","C, D","C, C","C, C","C, D","C, C"
def,"D, C","D, C","D, C","D, C","D, C","D, C","D, D","D, C","D, D","D, C","D, C","D, C","D, D","D, D","D, C","D, C","D, D","D, D","D, C","D, C","D, D","D, C","D, C","D, C","D, C","D, C","D, D","D, C","D, D","D, C","D, C","D, D","D, C","D, C","D, C","D, C","D, D","D, D","D, D","D, D","D, D","D, C","D, D","D, D","D, C","D, C","D, C","D, D","D, C","D, D","D, C","D, C","D, C","D, D","D, D","D, C","D, C","D, C","D, D","D, D","D, C","D, D","D, D","D, D","D, C","D, C","D, D","D, D","D, D","D, C","D, D","D, C","D, C","D, C","D, D","D, C","D, C","D, C","D, C","0, 0","D, D","D, C","D, D","D, C","D, D","D, C","D, D","D, C","D, C","D, D","D, C","D, D","D, C","D, C","D, C","D, D","D, C","D, C","D, D","D, C"
def,"D, D","D, C","D, D","D, D","D, D","D, D","D, D","D, D","D, D","D, D","D, D","D, D","D, D","D, D","D, C","D, D","D, D","D, D","D, D","D, D","D, D","D, C","D, D","D, C","D, D","D, D","D, D","D, D","D, D","D, D","D, D","D, D","D, C","D, D","D, D","D, C","D, D","D, D","D, D","D, D","D, D","D, D","D, D","D, D","D, D","D, C","D, C","D, D","D, C","D, D","D, D","D, D","D, D","D, D","D, D","D, D","D, C","D, C","D, D","D, D","D, D","D, D","D, D","D, D","D, C","D, D","D, D","D, D","D, D","D, D","D, D","D, C","D, D","D, D","D, D","D, D","D, D","D, C","D, C","D, D","0, 0","D, D","D, D","D, C","D, D","D, C","D, D","D, C","D, C","D, D","D, D","D, D","D, D","D, D","D, D","D, D","D, D","D, D","D, D","D, C"
tit0,"D, D","D, C","C, D","D, D","D, D","D, D","D, D","D, D","D, D","D, D","D, D","D, D","D, D","D, D","D, C","C, D","D, D","D, D","D, D","D, D","D, D","D, C","C, D","D, C","C, D","D, D","D, D","D, D","D, D","D, D","D, D","D, D","D, C","C, D","D, D","D, C","C, D","D, D","D, D","D, D","D, D","D, D","D, D","D, D","D, D","D, C","C, C","C, D","D, C","C, D","D, D","D, D","D, D","D, D","D, D","D, D","D, C","C, C","C, D","D, D","D, D","D, D","D, D","D, D","D, C","C, D","D, D","D, D","D, D","D, D","D, D","D, C","C, D","D, D","D, D","D, D","D, D","D, C","C, C","C, D","D, D","0, 0","D, D","D, C","C, D","D, C","C, D","D, C","C, C","C, D","D, D","D, D","D, D","D, D","D, D","D, D","D, D","D, D","D, D","D, C"
def,"D, D","D, C","D, C","D, D","D, D","D, D","D, D","D, D","D, D","D, D","D, D","D, D","D, D","D, D","D, C","D, C","D, D","D, D","D, D","D, D","D, D","D, C","D, C","D, C","D, C","D, D","D, D","D, D","D, D","D, D","D, D","D, D","D, C","D, C","D, D","D, C","D, D","D, D","D, D","D, D","D, D","D, D","D, D","D, D","D, D","D, C","D, C","D, D","D, C","D, D","D, D","D, D","D, D","D, D","D, D","D, D","D, C","D, C","D, D","D, D","D, D","D, D","D, D","D, D","D, C","D, C","D, D","D, D","D, D","D, D","D, D","D, C","D, C","D, D","D, D","D, D","D, D","D, C","D, C","D, D","D, D","D, C","0, 0","D, C","D, D","D, C","D, D","D, C","D, C","D, D","D, D","D, D","D, D","D, D","D, D","D, D","D, D","D, D","D, D","D, C"
coop,"C, D","C, C","C, D","C, D","C, D","C, D","C, D","C, D","C, D","C, D","C, D","C, D","C, D","C, D","C, C","C, D","C, D","C, D","C, D","C, D","C, D","C, C","C, D","C, C","C, D","C, D","C, D","C, D","C, D","C, D","C, D","C, D","C, C","C, D","C, D","C, C","C, D","C, D","C, D","C, D","C, D","C, D","C, D","C, D","C, D","C, C","C, C","C, D","C, C","C, D","C, D","C, D","C, D","C, D","C, D","C, D","C, C","C, C","C, D","C, D","C, D","C, D","C, D","C, D","C, C","C, D","C, D","C, D","C, D","C, D","C, D","C, C","C, D","C, D","C, D","C, D","C, D","C, C","C, C","C, D","C, D","C, D","C, D","0, 0","C, D","C, C","C, D","C, C","C, C","C, D","C, D","C, D","C, D","C, D","C, D","C, D","C, D","C, D","C, D","C, C"
def,"D, C","D, C","D, C","D, C","D, C","D, C","D, D","D, C","D, D","D, C","D, C","D, C","D, D","D, D","D, C","D, C","D, D","D, D","D, C","D, C","D, D","D, C","D, C","D, C","D, C","D, C","D, D","D, C","D, D","D, C","D, C","D, D","D, C","D, C","D, C","D, C","D, D","D, D","D, D","D, D","D, D","D, C","D, D","D, D","D, C","D, C","D, C","D, D","D, C","D, D","D, C","D, C","D, C","D, D","D, D","D, C","D, C","D, C","D, D","D, D","D, C","D, D","D, D","D, D","D, C","D, C","D, D","D, D","D, D","D, C","D, D","D, C","D, C","D, C","D, D","D, C","D, C","D, C","D, C","D, D","D, D","D, C","D, D","D, C","0, 0","D, C","D, D","D, C","D, C","D, D","D, C","D, D","D, C","D, C","D, C","D, D","D, C","D, C","D, D","D, C"
coop,"C, D","C, C","C, D","C, D","C, D","C, D","C, D","C, D","C, D","C, D","C, D","C, D","C, D","C, D","C, C","C, D","C, D","C, D","C, D","C, D","C, D","C, C","C, D","C, C","C, D","C, D","C, D","C, D","C, D","C, D","C, D","C, D","C, C","C, D","C, D","C, C","C, D","C, D","C, D","C, D","C, D","C, D","C, D","C, D","C, D","C, C","C, C","C, D","C, C","C, D","C, D","C, D","C, D","C, D","C, D","C, D","C, C","C, C","C, D","C, D","C, D","C, D","C, D","C, D","C, C","C, D","C, D","C, D","C, D","C, D","C, D","C, C","C, D","C, D","C, D","C, D","C, D","C, C","C, C","C, D","C, D","C, D","C, D","C, C","C, D","0, 0","C, D","C, C","C, C","C, D","C, D","C, D","C, D","C, D","C, D","C, D","C, D","C, D","C, D","C, C"
disap,"D, C","D, C","D, C","D, C","D, C","D, C","D, D","D, C","D, D","D, C","D, C","D, C","D, D","D, D","D, C","D, C","D, D","D, D","D, C","D, C","D, D","D, C","D, C","D, C","D, C","D, C","D, D","D, C","D, D","D, C","D, C","D, D","D, C","D, C","D, C","D, C","D, D","D, D","D, D","D, D","D, D","D, C","D, D","D, D","D, C","D, C","D, C","D, D","D, C","D, D","D, C","D, C","D, C","D, D","D, D","D, C","D, C","D, C","D, D","D, D","D, C","D, D","D, D","D, D","D, C","D, C","D, D","D, D","D, D","D, C","D, D","D, C","D, C","D, C","D, D","D, C","D, C","D, C","D, C","D, D","D, D","D, C","D, D","D, C","D, D","D, C","0, 0","D, C","D, C","D, D","D, C","D, D","D, C","D, C","D, C","D, D","D, C","D, C","D, D","D, C"
coop,"C, D","C, C","C, D","C, D","C, D","C, D","C, D","C, D","C, D","C, D","C, D","C, D","C, D","C, D","C, C","C, D","C, D","C, D","C, D","C, D","C, D","C, C","C, D","C, C","C, D","C, D","C, D","C, D","C, D","C, D","C, D","C, D","C, C","C, D","C, D","C, C","C, D","C, D","C, D","C, D","C, D","C, D","C, D","C, D","C, D","C, C","C, C","C, D","C, C","C, D","C, D","C, D","C, D","C, D","C, D","C, D","C, C","C, C","C, D","C, D","C, D","C, D","C, D","C, D","C, C","C, D","C, D","C, D","C, D","C, D","C, D","C, C","C, D","C, D","C, D","C, D","C, D","C, C","C, C","C, D","C, D","C, D","C, D","C, C","C, D","C, C","C, D","0, 0","C, C","C, D","C, D","C, D","C, D","C, D","C, D","C, D","C, D","C, D","C, D","C, C"
coop,"C, C","C, C","C, C","C, C","C, C","C, C","C, D","C, C","C, D","C, C","C, C","C, C","C, D","C, D","C, C","C, C","C, D","C, D","C, C","C, C","C, D","C, C","C, C","C, C","C, C","C, C","C, D","C, C","C, D","C, C","C, C","C, D","C, C","C, C","C, C","C, C","C, D","C, D","C, D","C, D","C, D","C, C","C, D","C, D","C, C","C, C","C, C","C, D","C, C","C, D","C, C","C, C","C, C","C, D","C, D","C, C","C, C","C, C","C, D","C, D","C, C","C, D","C, D","C, D","C, C","C, C","C, D","C, D","C, D","C, C","C, D","C, C","C, C","C, C","C, D","C, C","C, C","C, C","C, C","C, D","C, D","C, C","C, D","C, C","C, D","C, C","C, D","C, C","0, 0","C, D","C, C","C, D","C, C","C, C","C, C","C, D","C, C","C, C","C, D","C, C"
def,"D, C","D, C","D, C","D, C","D, C","D, C","D, D","D, C","D, D","D, C","D, C","D, C","D, D","D, D","D, C","D, C","D, D","D, D","D, C","D, C","D, D","D, C","D, C","D, C","D, C","D, C","D, D","D, C","D, D","D, C","D, C","D, D","D, C","D, C","D, C","D, C","D, D","D, D","D, D","D, D","D, D","D, C","D, D","D, D","D, C","D, C","D, C","D, D","D, C","D, D","D, C","D, C","D, C","D, D","D, D","D, C","D, C","D, C","D, D","D, D","D, C","D, D","D, D","D, D","D, C","D, C","D, D","D, D","D, D","D, C","D, D","D, C","D, C","D, C","D, D","D, C","D, C","D, C","D, C","D, D","D, D","D, C","D, D","D, C","D, D","D, C","D, D","D, C","D, C","0, 0","D, C","D, D","D, C","D, C","D, C","D, D","D, C","D, C","D, D","D, C"
tit0,"D, D","D, C","C, D","D, D","D, D","D, D","D, D","D, D","D, D","D, D","D, D","D, D","D, D","D, D","D, C","C, D","D, D","D, D","D, D","D, D","D, D","D, C","C, D","D, C","C, D","D, D","D, D","D, D","D, D","D, D","D, D","D, D","D, C","C, D","D, D","D, C","C, D","D, D","D, D","D, D","D, D","D, D","D, D","D, D","D, D","D, C","C, C","C, D","D, C","C, D","D, D","D, D","D, D","D, D","D, D","D, D","D, C","C, C","C, D","D, D","D, D","D, D","D, D","D, D","D, C","C, D","D, D","D, D","D, D","D, D","D, D","D, C","C, D","D, D","D, D","D, D","D, D","D, C","C, C","C, D","D, D","D, D","D, D","D, C","C, D","D, C","C, D","D, C","C, C","C, D","0, 0","D, D","D, D","D, D","D, D","D, D","D, D","D, D","D, D","D, C"
disap,"D, D","D, C","D, C","D, D","D, D","D, D","D, D","D, D","D, D","D, D","D, D","D, D","D, D","D, D","D, C","D, C","D, D","D, D","D, D","D, D","D, D","D, C","D, C","D, C","D, C","D, D","D, D","D, D","D, D","D, D","D, D","D, D","D, C","D, C","D, D","D, C","D, D","D, D","D, D","D, D","D, D","D, D","D, D","D, D","D, D","D, C","D, C","D, D","D, C","D, D","D, D","D, D","D, D","D, D","D, D","D, D","D, C","D, C","D, D","D, D","D, D","D, D","D, D","D, D","D, C","D, C","D, D","D, D","D, D","D, D","D, D","D, C","D, C","D, D","D, D","D, D","D, D","D, C","D, C","D, D","D, D","D, D","D, D","D, C","D, D","D, C","D, D","D, C","D, C","D, D","D, D","0, 0","D, D","D, D","D, D","D, D","D, D","D, D","D, D","D, C"
tit1,"C, D","D, C","C, D","D, D","D, D","D, D","D, D","D, D","D, D","D, D","D, D","D, D","D, D","D, D","D, C","C, D","D, D","D, D","D, D","D, D","D, D","D, C","C, D","D, C","C, D","D, D","D, D","D, D","D, D","D, D","D, D","D, D","D, C","C, D","D, D","D, C","C, D","D, D","D, D","D, D","D, D","D, D","D, D","D, D","D, D","D, C","C, C","C, D","D, C","C, D","D, D","D, D","D, D","D, D","D, D","D, D","D, C","C, C","C, D","D, D","D, D","D, D","D, D","D, D","D, C","C, D","D, D","D, D","D, D","D, D","D, D","D, C","C, D","D, D","D, D","D, D","D, D","D, C","C, C","C, D","D, D","D, D","D, D","D, C","C, D","D, C","C, D","D, C","C, C","C, D","D, D","D, D","0, 0","D, D","D, D","D, D","D, D","D, D","D, D","D, C"
tit1,"C, C","C, C","C, C","C, D","D, D","D, D","D, D","D, D","D, D","D, D","D, D","D, D","D, D","D, D","D, C","C, C","C, D","D, D","D, D","D, D","D, D","D, C","C, C","C, C","C, C","C, D","D, D","D, D","D, D","D, D","D, D","D, D","D, C","C, C","C, D","D, C","C, D","D, D","D, D","D, D","D, D","D, D","D, D","D, D","D, D","D, C","C, C","C, D","D, C","C, D","D, D","D, D","D, D","D, D","D, D","D, D","D, C","C, C","C, D","D, D","D, D","D, D","D, D","D, D","D, C","C, C","C, D","D, D","D, D","D, D","D, D","D, C","C, C","C, D","D, D","D, D","D, D","D, C","C, C","C, D","D, D","D, D","D, D","D, C","C, D","D, C","C, D","D, C","C, C","C, D","D, D","D, D","D, C","0, 0","C, D","D, D","D, D","D, D","D, D","D, C"
tit1,"C, C","C, C","C, C","C, C","C, D","D, D","D, D","D, D","D, D","D, D","D, D","D, D","D, D","D, D","D, C","C, C","C, D","D, D","D, D","D, D","D, D","D, C","C, C","C, C","C, C","C, C","C, D","D, D","D, D","D, D","D, D","D, D","D, C","C, C","C, C","C, C","C, D","D, D","D, D","D, D","D, D","D, D","D, D","D, D","D, D","D, C","C, C","C, D","D, C","C, D","D, D","D, D","D, D","D, D","D, D","D, D","D, C","C, C","C, D","D, D","D, D","D, D","D, D","D, D","D, C","C, C","C, D","D, D","D, D","D, D","D, D","D, C","C, C","C, C","C, D","D, D","D, D","D, C","C, C","C, D","D, D","D, D","D, D","D, C","C, D","D, C","C, D","D, C","C, C","C, D","D, D","D, D","D, D","D, C","0, 0","C, D","D, D","D, D","D, D","D, C"
disap,"D, C","D, C","D, C","D, C","D, C","D, D","D, D","D, D","D, D","D, D","D, D","D, D","D, D","D, D","D, C","D, C","D, D","D, D","D, D","D, D","D, D","D, C","D, C","D, C","D, C","D, C","D, D","D, D","D, D","D, D","D, D","D, D","D, C","D, C","D, C","D, C","D, D","D, D","D, D","D, D","D, D","D, D","D, D","D, D","D, D","D, C","D, C","D, D","D, C","D, D","D, D","D, D","D, D","D, D","D, D","D, D","D, C","D, C","D, D","D, D","D, D","D, D","D, D","D, D","D, C","D, C","D, D","D, D","D, D","D, D","D, D","D, C","D, C","D, C","D, D","D, D","D, D","D, C","D, C","D, D","D, D","D, D","D, D","D, C","D, D","D, C","D, D","D, C","D, C","D, D","D, D","D, D","D, D","D, D","D, C","0, 0","D, D","D, D","D, D","D, C"
tit0,"D, D","D, C","C, D","D, D","D, D","D, D","D, D","D, D","D, D","D, D","D, D","D, D","D, D","D, D","D, C","C, D","D, D","D, D","D, D","D, D","D, D","D, C","C, D","D, C","C, D","D, D","D, D","D, D","D, D","D, D","D, D","D, D","D, C","C, D","D, D","D, C","C, D","D, D","D, D","D, D","D, D","D, D","D, D","D, D","D, D","D, C","C, C","C, D","D, C","C, D","D, D","D, D","D, D","D, D","D, D","D, D","D, C","C, C","C, D","D, D","D, D","D, D","D, D","D, D","D, C","C, D","D, D","D, D","D, D","D, D","D, D","D, C","C, D","D, D","D, D","D, D","D, D","D, C","C, C","C, D","D, D","D, D","D, D","D, C","C, D","D, C","C, D","D, C","C, C","C, D","D, D","D, D","D, D","D, D","D, D","D, D","0, 0","D, D","D, D","D, C"
tit1,"C, D","D, C","C, C","C, D","D, D","D, D","D, D","D, D","D, D","D, D","D, D","D, D","D, D","D, D","D, C","C, C","C, D","D, D","D, D","D, D","D, D","D, C","C, C","C, C","C, C","C, D","D, D","D, D","D, D","D, D","D, D","D, D","D, C","C, C","C, D","D, C","C, D","D, D","D, D","D, D","D, D","D, D","D, D","D, D","D, D","D, C","C, C","C, D","D, C","C, D","D, D","D, D","D, D","D, D","D, D","D, D","D, C","C, C","C, D","D, D","D, D","D, D","D, D","D, D","D, C","C, C","C, D","D, D","D, D","D, D","D, D","D, C","C, C","C, D","D, D","D, D","D, D","D, C","C, C","C, D","D, D","D, D","D, D","D, C","C, D","D, C","C, D","D, C","C, C","C, D","D, D","D, D","D, D","D, D","D, D","D, D","D, C","0, 0","C, D","D, C"
disap,"D, C","D, C","D, C","D, C","D, D","D, D","D, D","D, D","D, D","D, D","D, D","D, D","D, D","D, D","D, C","D, C","D, D","D, D","D, D","D, D","D, D","D, C","D, C","D, C","D, C","D, C","D, D","D, D","D, D","D, D","D, D","D, D","D, C","D, C","D, C","D, C","D, D","D, D","D, D","D, D","D, D","D, D","D, D","D, D","D, D","D, C","D, C","D, D","D, C","D, D","D, D","D, D","D, D","D, D","D, D","D, D","D, C","D, C","D, D","D, D","D, D","D, D","D, D","D, D","D, C","D, C","D, D","D, D","D, D","D, D","D, D","D, C","D, C","D, C","D, D","D, D","D, D","D, C","D, C","D, D","D, D","D, D","D, D","D, C","D, D","D, C","D, D","D, C","D, C","D, D","D, D","D, D","D, D","D, D","D, D","D, D","D, D","D, C","0, 0","D, C"
coop,"C, D","C, C","C, D","C, D","C, D","C, D","C, D","C, D","C, D","C, D","C, D","C, D","C, D","C, D","C, C","C, D","C, D","C, D","C, D","C, D","C, D","C, C","C, D","C, C","C, D","C, D","C, D","C, D","C, D","C, D","C, D","C, D","C, C","C, D","C, D","C, C","C, D","C, D","C, D","C, D","C, D","C, D","C, D","C, D","C, D","C, C","C, C","C, D","C, C","C, D","C, D","C, D","C, D","C, D","C, D","C, D","C, C","C, C","C, D","C, D","C, D","C, D","C, D","C, D","C, C","C, D","C, D","C, D","C, D","C, D","C, D","C, C","C, D","C, D","C, D","C, D","C, D","C, C","C, C","C, D","C, D","C, D","C, D","C, C","C, D","C, C","C, D","C, C","C, C","C, D","C, D","C, D","C, D","C, D","C, D","C, D","C, D","C, D","C, D","0, 0"
